date,comments_count,post_count,comments_average
2011-01-30,35,2,17
2011-01-31,9,4,2
2011-02-01,19,4,4
2011-02-02,7,2,3
2011-02-03,5,1,5
2011-02-04,11,2,5
2011-02-07,2,1,2
2011-02-09,7,1,7
2011-02-10,5,1,5
2011-02-16,8,1,8
2011-02-18,6,1,6
2011-02-19,18,1,18
2011-02-22,11,2,5
2011-02-27,2,1,2
2011-02-28,4,1,4
2011-03-02,1,1,1
2011-03-06,20,2,10
2011-03-08,85,5,17
2011-03-09,50,4,12
2011-03-11,11,3,3
2011-03-14,58,2,29
2011-03-15,31,3,10
2011-03-16,29,3,9
2011-03-17,35,3,11
2011-03-19,22,1,22
2011-03-20,7,2,3
2011-03-21,17,1,17
2011-03-22,104,6,17
2011-03-23,48,6,8
2011-03-24,45,4,11
2011-03-25,79,3,26
2011-03-26,28,3,9
2011-03-27,15,1,15
2011-03-28,34,2,17
2011-03-29,77,4,19
2011-03-30,64,3,21
2011-03-31,16,2,8
2011-04-01,61,5,12
2011-04-02,33,4,8
2011-04-03,18,1,18
2011-04-04,4,1,4
2011-04-05,88,4,22
2011-04-06,39,2,19
2011-04-07,40,5,8
2011-04-08,9,1,9
2011-04-09,42,5,8
2011-04-11,24,2,12
2011-04-12,54,4,13
2011-04-13,26,3,8
2011-04-14,57,2,28
2011-04-15,89,7,12
2011-04-16,55,4,13
2011-04-17,27,1,27
2011-04-18,93,5,18
2011-04-19,27,3,9
2011-04-20,35,2,17
2011-04-21,37,3,12
2011-04-22,25,4,6
2011-04-23,12,2,6
2011-04-24,12,1,12
2011-04-25,20,2,10
2011-04-26,111,8,13
2011-04-27,7,1,7
2011-04-28,32,2,16
2011-04-29,43,6,7
2011-05-03,67,4,16
2011-05-04,51,1,51
2011-05-05,53,4,13
2011-05-06,47,4,11
2011-05-10,64,4,16
2011-05-11,101,6,16
2011-05-12,59,4,14
2011-05-13,64,5,12
2011-05-14,22,4,5
2011-05-15,62,5,12
2011-05-16,98,7,14
2011-05-17,113,7,16
2011-05-18,35,5,7
2011-05-19,131,7,18
2011-05-20,38,4,9
2011-05-22,15,1,15
2011-05-23,103,7,14
2011-05-24,104,7,14
2011-05-25,85,4,21
2011-05-26,61,3,20
2011-05-27,49,3,16
2011-05-29,27,4,6
2011-05-30,156,6,26
2011-05-31,160,8,20
2011-06-01,177,8,22
2011-06-02,196,12,16
2011-06-03,140,8,17
2011-06-05,57,4,14
2011-06-06,160,8,20
2011-06-07,76,7,10
2011-06-08,101,11,9
2011-06-09,104,7,14
2011-06-10,32,4,8
2011-06-11,53,6,8
2011-06-13,22,2,11
2011-06-14,123,6,20
2011-06-15,100,5,20
2011-06-16,193,9,21
2011-06-17,90,8,11
2011-06-18,53,6,8
2011-06-19,46,3,15
2011-06-20,105,4,26
2011-06-21,59,3,19
2011-06-22,103,6,17
2011-06-23,42,4,10
2011-06-24,91,9,10
2011-06-25,28,3,9
2011-06-26,107,10,10
2011-06-27,104,8,13
2011-06-28,36,3,12
2011-06-29,69,6,11
2011-06-30,35,4,8
2011-07-01,165,9,18
2011-07-02,10,1,10
2011-07-03,54,3,18
2011-07-04,271,12,22
2011-07-05,121,7,17
2011-07-06,238,9,26
2011-07-07,181,7,25
2011-07-08,155,8,19
2011-07-09,95,6,15
2011-07-10,239,17,14
2011-07-11,217,10,21
2011-07-12,296,12,24
2011-07-13,176,9,19
2011-07-14,398,12,33
2011-07-15,126,6,21
2011-07-16,63,4,15
2011-07-17,285,12,23
2011-07-18,216,11,19
2011-07-19,283,11,25
2011-07-20,200,12,16
2011-07-21,55,8,6
2011-07-22,317,14,22
2011-07-23,49,2,24
2011-07-24,176,6,29
2011-07-25,101,9,11
2011-07-26,117,5,23
2011-07-27,120,8,15
2011-07-28,109,6,18
2011-07-29,420,11,38
2011-07-30,24,3,8
2011-07-31,100,4,25
2011-08-01,242,8,30
2011-08-02,306,14,21
2011-08-03,435,12,36
2011-08-04,194,10,19
2011-08-05,274,12,22
2011-08-06,22,1,22
2011-08-07,65,3,21
2011-08-08,289,14,20
2011-08-09,213,12,17
2011-08-10,400,14,28
2011-08-11,268,11,24
2011-08-12,237,10,23
2011-08-13,205,12,17
2011-08-14,135,5,27
2011-08-15,190,9,21
2011-08-16,142,8,17
2011-08-17,162,8,20
2011-08-18,132,5,26
2011-08-19,137,6,22
2011-08-20,101,5,20
2011-08-21,88,7,12
2011-08-22,16,1,16
2011-08-23,142,8,17
2011-08-24,66,4,16
2011-08-25,116,8,14
2011-08-26,198,6,33
2011-08-27,229,8,28
2011-08-28,229,9,25
2011-08-29,477,12,39
2011-08-30,373,9,41
2011-08-31,549,13,42
2011-09-01,364,6,60
2011-09-02,327,20,16
2011-09-03,156,6,26
2011-09-04,128,7,18
2011-09-05,360,18,20
2011-09-06,370,15,24
2011-09-07,319,11,29
2011-09-08,356,16,22
2011-09-09,390,17,22
2011-09-10,176,8,22
2011-09-11,306,11,27
2011-09-12,679,25,27
2011-09-13,229,11,20
2011-09-14,290,12,24
2011-09-15,547,22,24
2011-09-16,464,8,58
2011-09-17,404,10,40
2011-09-18,145,5,29
2011-09-19,414,16,25
2011-09-20,472,18,26
2011-09-21,575,14,41
2011-09-22,334,13,25
2011-09-23,448,13,34
2011-09-24,129,4,32
2011-09-25,264,9,29
2011-09-26,419,13,32
2011-09-27,592,17,34
2011-09-28,522,12,43
2011-09-29,437,8,54
2011-09-30,411,14,29
2011-10-01,451,11,41
2011-10-02,378,12,31
2011-10-03,721,16,45
2011-10-04,323,13,24
2011-10-05,493,14,35
2011-10-06,179,10,17
2011-10-07,614,13,47
2011-10-08,186,8,23
2011-10-09,379,11,34
2011-10-10,613,16,38
2011-10-11,438,11,39
2011-10-12,813,18,45
2011-10-13,888,17,52
2011-10-14,527,14,37
2011-10-15,289,9,32
2011-10-16,453,12,37
2011-10-17,961,22,43
2011-10-18,480,19,25
2011-10-19,435,11,39
2011-10-20,582,17,34
2011-10-21,454,17,26
2011-10-22,262,3,87
2011-10-23,229,7,32
2011-10-24,616,16,38
2011-10-25,523,14,37
2011-10-26,591,15,39
2011-10-27,738,14,52
2011-10-28,469,12,39
2011-10-29,559,11,50
2011-10-30,311,4,77
2011-10-31,459,14,32
2011-11-01,369,11,33
2011-11-02,183,6,30
2011-11-03,276,8,34
2011-11-04,211,6,35
2011-11-05,322,6,53
2011-11-06,427,12,35
2011-11-07,420,14,30
2011-11-08,495,15,33
2011-11-09,354,9,39
2011-11-10,442,11,40
2011-11-11,451,12,37
2011-11-12,44,2,22
2011-11-13,362,12,30
2011-11-14,636,16,39
2011-11-15,746,17,43
2011-11-16,379,14,27
2011-11-17,412,10,41
2011-11-18,345,10,34
2011-11-19,260,9,28
2011-11-20,411,15,27
2011-11-21,695,21,33
2011-11-22,670,15,44
2011-11-23,620,19,32
2011-11-24,479,14,34
2011-11-25,463,17,27
2011-11-26,141,7,20
2011-11-27,380,14,27
2011-11-28,500,11,45
2011-11-29,433,14,30
2011-11-30,407,15,27
2011-12-01,538,17,31
2011-12-02,449,12,37
2011-12-03,218,5,43
2011-12-04,284,4,71
2011-12-05,605,14,43
2011-12-06,205,8,25
2011-12-07,715,15,47
2011-12-08,670,20,33
2011-12-09,508,10,50
2011-12-10,150,7,21
2011-12-11,444,12,37
2011-12-12,258,6,43
2011-12-13,668,15,44
2011-12-14,427,9,47
2011-12-15,586,9,65
2011-12-16,499,12,41
2011-12-17,507,10,50
2011-12-18,441,11,40
2011-12-19,729,13,56
2011-12-20,389,7,55
2011-12-21,508,10,50
2011-12-22,256,8,32
2011-12-23,263,10,26
2011-12-24,345,8,43
2011-12-25,353,9,39
2011-12-26,123,5,24
2011-12-27,785,16,49
2011-12-28,685,14,48
2011-12-29,537,14,38
2011-12-30,527,22,23
2011-12-31,209,6,34
2012-01-01,181,7,25
2012-01-02,298,8,37
2012-01-03,133,5,26
2012-01-04,156,6,26
2012-01-05,273,10,27
2012-01-06,295,8,36
2012-01-07,277,8,34
2012-01-08,192,6,32
2012-01-09,614,14,43
2012-01-10,227,9,25
2012-01-11,550,12,45
2012-01-12,553,9,61
2012-01-13,438,10,43
2012-01-14,302,10,30
2012-01-15,327,7,46
2012-01-16,522,13,40
2012-01-17,674,14,48
2012-01-18,392,9,43
2012-01-19,504,8,63
2012-01-20,596,13,45
2012-01-21,421,11,38
2012-01-22,734,12,61
2012-01-23,613,11,55
2012-01-24,842,14,60
2012-01-25,795,18,44
2012-01-26,744,13,57
2012-01-27,944,9,104
2012-01-28,960,9,106
2012-01-29,673,11,61
2012-01-30,1163,15,77
2012-01-31,995,19,52
2012-02-01,719,15,47
2012-02-02,1289,16,80
2012-02-03,813,14,58
2012-02-04,515,8,64
2012-02-05,470,12,39
2012-02-06,914,19,48
2012-02-07,955,13,73
2012-02-08,938,16,58
2012-02-09,947,14,67
2012-02-10,804,14,57
2012-02-11,530,13,40
2012-02-12,752,13,57
2012-02-13,686,14,49
2012-02-14,677,10,67
2012-02-15,648,11,58
2012-02-16,1055,17,62
2012-02-17,723,10,72
2012-02-18,378,9,42
2012-02-19,538,10,53
2012-02-20,971,16,60
2012-02-21,891,14,63
2012-02-22,1128,16,70
2012-02-23,624,18,34
2012-02-24,484,10,48
2012-02-25,927,12,77
2012-02-26,694,13,53
2012-02-27,962,15,64
2012-02-28,1062,17,62
2012-02-29,539,11,49
2012-03-01,1294,14,92
2012-03-02,1193,24,49
2012-03-03,602,14,43
2012-03-04,292,5,58
2012-03-05,547,10,54
2012-03-06,589,13,45
2012-03-07,753,14,53
2012-03-08,373,7,53
2012-03-09,247,7,35
2012-03-10,841,20,42
2012-03-11,1729,20,86
2012-03-12,931,14,66
2012-03-13,1032,21,49
2012-03-14,1188,24,49
2012-03-15,1700,15,113
2012-03-16,1006,12,83
2012-03-17,1176,14,84
2012-03-18,758,14,54
2012-03-19,549,15,36
2012-03-20,1179,18,65
2012-03-21,1128,19,59
2012-03-22,740,18,41
2012-03-23,1527,16,95
2012-03-24,473,9,52
2012-03-25,393,9,43
2012-03-26,1006,26,38
2012-03-27,637,12,53
2012-03-28,1324,22,60
2012-03-29,1314,23,57
2012-03-30,1085,17,63
2012-03-31,500,11,45
2012-04-01,1049,21,49
2012-04-02,1249,19,65
2012-04-03,1027,15,68
2012-04-04,1204,22,54
2012-04-05,2394,21,114
2012-04-06,1260,15,84
2012-04-07,737,11,67
2012-04-08,928,13,71
2012-04-09,1221,17,71
2012-04-10,1298,18,72
2012-04-11,1552,20,77
2012-04-12,1350,17,79
2012-04-13,1451,18,80
2012-04-14,1308,15,87
2012-04-15,714,12,59
2012-04-16,864,16,54
2012-04-17,1010,17,59
2012-04-18,1228,18,68
2012-04-19,1227,21,58
2012-04-20,1221,12,101
2012-04-21,693,11,63
2012-04-22,1314,15,87
2012-04-23,1445,23,62
2012-04-24,1448,24,60
2012-04-25,1244,20,62
2012-04-26,751,12,62
2012-04-27,1785,25,71
2012-04-28,788,10,78
2012-04-29,622,12,51
2012-04-30,532,11,48
2012-05-01,505,9,56
2012-05-02,681,12,56
2012-05-03,1375,19,72
2012-05-04,1469,19,77
2012-05-05,1117,18,62
2012-05-06,306,6,51
2012-05-07,263,9,29
2012-05-08,388,11,35
2012-05-09,883,11,80
2012-05-10,1069,21,50
2012-05-11,1174,19,61
2012-05-12,1543,17,90
2012-05-13,1828,13,140
2012-05-14,2115,18,117
2012-05-15,3002,24,125
2012-05-16,1904,18,105
2012-05-17,1709,17,100
2012-05-18,1453,21,69
2012-05-19,560,9,62
2012-05-20,844,12,70
2012-05-21,3169,32,99
2012-05-22,2228,24,92
2012-05-23,1914,25,76
2012-05-24,2918,16,182
2012-05-25,2011,22,91
2012-05-26,441,9,49
2012-05-27,1090,12,90
2012-05-28,2465,26,94
2012-05-29,1381,24,57
2012-05-30,2965,29,102
2012-05-31,1858,15,123
2012-06-01,1920,21,91
2012-06-02,1113,15,74
2012-06-03,1399,25,55
2012-06-04,1355,23,58
2012-06-05,1606,21,76
2012-06-06,1752,22,79
2012-06-07,2375,20,118
2012-06-08,1932,20,96
2012-06-09,1649,20,82
2012-06-10,1056,19,55
2012-06-11,877,14,62
2012-06-12,540,15,36
2012-06-13,1849,30,61
2012-06-14,876,14,62
2012-06-15,1040,15,69
2012-06-16,787,12,65
2012-06-17,770,14,55
2012-06-18,1314,22,59
2012-06-19,1351,19,71
2012-06-20,811,10,81
2012-06-21,2207,18,122
2012-06-22,874,12,72
2012-06-23,174,3,58
2012-06-24,1240,13,95
2012-06-25,3151,26,121
2012-06-26,2591,25,103
2012-06-27,2398,18,133
2012-06-28,1888,22,85
2012-06-29,979,18,54
2012-06-30,847,13,65
2012-07-01,1908,19,100
2012-07-02,2038,23,88
2012-07-03,1278,17,75
2012-07-04,2967,30,98
2012-07-05,2596,33,78
2012-07-06,1479,21,70
2012-07-07,388,5,77
2012-07-08,1266,17,74
2012-07-09,2146,39,55
2012-07-10,2322,24,96
2012-07-11,1411,21,67
2012-07-12,2283,26,87
2012-07-13,1595,21,75
2012-07-14,812,14,58
2012-07-15,1023,11,93
2012-07-16,2703,32,84
2012-07-17,2084,24,86
2012-07-18,2153,21,102
2012-07-19,2173,27,80
2012-07-20,2068,24,86
2012-07-21,336,5,67
2012-07-22,1387,20,69
2012-07-23,2914,34,85
2012-07-24,2442,32,76
2012-07-25,1554,20,77
2012-07-26,3303,35,94
2012-07-27,1726,15,115
2012-07-28,578,12,48
2012-07-29,1477,23,64
2012-07-30,2263,31,73
2012-07-31,1815,30,60
2012-08-01,1901,20,95
2012-08-02,1823,31,58
2012-08-03,1910,19,100
2012-08-04,639,15,42
2012-08-05,1230,19,64
2012-08-06,1540,22,70
2012-08-07,2422,28,86
2012-08-08,1426,22,64
2012-08-09,1992,31,64
2012-08-10,1246,19,65
2012-08-11,1333,17,78
2012-08-12,771,15,51
2012-08-13,1559,28,55
2012-08-14,1296,19,68
2012-08-15,776,14,55
2012-08-16,1204,24,50
2012-08-17,818,11,74
2012-08-18,650,9,72
2012-08-19,1018,17,59
2012-08-20,1143,17,67
2012-08-21,1064,24,44
2012-08-22,1217,21,57
2012-08-23,992,13,76
2012-08-24,2063,30,68
2012-08-25,926,13,71
2012-08-26,896,16,56
2012-08-27,1692,27,62
2012-08-28,1396,24,58
2012-08-29,1917,30,63
2012-08-30,817,17,48
2012-08-31,1509,24,62
2012-09-01,810,12,67
2012-09-02,1108,15,73
2012-09-03,2247,37,60
2012-09-04,1285,20,64
2012-09-05,1793,28,64
2012-09-06,1394,24,58
2012-09-07,1101,24,45
2012-09-08,701,15,46
2012-09-09,1263,21,60
2012-09-10,1637,24,68
2012-09-11,1088,17,64
2012-09-12,1152,29,39
2012-09-13,1017,22,46
2012-09-14,1422,25,56
2012-09-15,631,12,52
2012-09-16,756,12,63
2012-09-17,1565,22,71
2012-09-18,2281,26,87
2012-09-19,2331,18,129
2012-09-20,1567,20,78
2012-09-21,798,14,57
2012-09-22,431,9,47
2012-09-23,1726,26,66
2012-09-24,3502,17,206
2012-09-25,718,11,65
2012-09-26,1225,18,68
2012-09-27,2679,15,178
2012-09-28,2425,28,86
2012-09-29,475,10,47
2012-09-30,1210,19,63
2012-10-01,2071,11,188
2012-10-02,2027,20,101
2012-10-03,1713,25,68
2012-10-04,2295,18,127
2012-10-05,2101,20,105
2012-10-06,2777,25,111
2012-10-07,1383,18,76
2012-10-08,1658,19,87
2012-10-09,1880,20,94
2012-10-10,1912,15,127
2012-10-11,1436,16,89
2012-10-12,1229,19,64
2012-10-13,1842,11,167
2012-10-14,1819,15,121
2012-10-15,2104,29,72
2012-10-16,1366,21,65
2012-10-17,2145,16,134
2012-10-18,1780,16,111
2012-10-19,225,3,75
2012-10-20,439,7,62
2012-10-21,1650,16,103
2012-10-22,1526,21,72
2012-10-23,2841,24,118
2012-10-24,3299,21,157
2012-10-25,2046,24,85
2012-10-26,1461,12,121
2012-10-27,1547,13,119
2012-10-28,721,11,65
2012-10-29,1194,15,79
2012-10-30,2241,22,101
2012-10-31,2035,20,101
2012-11-01,2921,20,146
2012-11-02,1645,17,96
2012-11-03,731,9,81
2012-11-04,1179,13,90
2012-11-05,967,11,87
2012-11-06,1703,18,94
2012-11-07,2386,20,119
2012-11-08,2317,15,154
2012-11-09,1357,10,135
2012-11-10,883,14,63
2012-11-11,1163,12,96
2012-11-12,2075,24,86
2012-11-13,2103,24,87
2012-11-14,1689,18,93
2012-11-15,934,15,62
2012-11-16,1412,17,83
2012-11-17,535,9,59
2012-11-18,1015,14,72
2012-11-19,1571,14,112
2012-11-20,1267,17,74
2012-11-21,1701,17,100
2012-11-22,1718,14,122
2012-11-23,1849,17,108
2012-11-24,1525,11,138
2012-11-25,976,8,122
2012-11-26,1949,18,108
2012-11-27,2640,21,125
2012-11-28,1795,18,99
2012-11-29,1924,19,101
2012-11-30,2203,15,146
2012-12-01,1243,12,103
2012-12-02,1286,13,98
2012-12-03,1375,8,171
2012-12-04,2218,18,123
2012-12-05,1976,18,109
2012-12-06,1889,17,111
2012-12-07,2803,25,112
2012-12-08,1420,14,101
2012-12-09,649,9,72
2012-12-10,2147,20,107
2012-12-11,2262,13,174
2012-12-12,3978,21,189
2012-12-13,1400,19,73
2012-12-14,1729,15,115
2012-12-15,948,10,94
2012-12-16,1293,10,129
2012-12-17,1757,17,103
2012-12-18,1390,15,92
2012-12-19,1147,16,71
2012-12-20,2415,24,100
2012-12-21,996,15,66
2012-12-22,629,5,125
2012-12-23,1836,20,91
2012-12-24,1451,23,63
2012-12-25,2163,29,74
2012-12-26,2160,28,77
2012-12-27,838,13,64
2012-12-28,1790,18,99
2012-12-29,761,11,69
2012-12-30,2238,11,203
2012-12-31,677,14,48
2013-01-01,28,1,28
2013-01-02,519,11,47
2013-01-03,542,5,108
2013-01-04,727,10,72
2013-01-05,1955,17,115
2013-01-06,1250,15,83
2013-01-07,1093,15,72
2013-01-08,1584,16,99
2013-01-09,2121,27,78
2013-01-10,1382,22,62
2013-01-11,2239,26,86
2013-01-12,1399,14,99
2013-01-13,1310,15,87
2013-01-14,2054,20,102
2013-01-15,1654,20,82
2013-01-16,2713,22,123
2013-01-17,3136,28,112
2013-01-18,2052,28,73
2013-01-19,948,14,67
2013-01-20,1497,16,93
2013-01-21,3058,33,92
2013-01-22,2464,28,88
2013-01-23,2321,27,85
2013-01-24,3299,32,103
2013-01-25,1029,15,68
2013-01-26,1049,12,87
2013-01-27,1509,16,94
2013-01-28,893,13,68
2013-01-29,2386,25,95
2013-01-30,3208,19,168
2013-01-31,2407,22,109
2013-02-01,2127,22,96
2013-02-02,752,12,62
2013-02-03,1501,19,79
2013-02-04,1767,19,93
2013-02-05,1657,14,118
2013-02-06,1488,14,106
2013-02-07,1406,17,82
2013-02-08,675,11,61
2013-02-09,1452,16,90
2013-02-10,1483,19,78
2013-02-11,3175,32,99
2013-02-12,1822,14,130
2013-02-13,1819,19,95
2013-02-14,1672,22,76
2013-02-15,2266,16,141
2013-02-16,727,9,80
2013-02-17,1981,20,99
2013-02-18,2721,20,136
2013-02-19,1252,13,96
2013-02-20,1668,15,111
2013-02-21,2237,19,117
2013-02-22,1843,20,92
2013-02-23,843,11,76
2013-02-24,1867,23,81
2013-02-25,2295,20,114
2013-02-26,2632,18,146
2013-02-27,1775,18,98
2013-02-28,1781,16,111
2013-03-01,2499,17,147
2013-03-02,1229,16,76
2013-03-03,1601,15,106
2013-03-04,1748,28,62
2013-03-05,1064,20,53
2013-03-06,2404,21,114
2013-03-07,1088,12,90
2013-03-08,1393,14,99
2013-03-09,902,10,90
2013-03-10,2729,18,151
2013-03-11,2310,29,79
2013-03-12,2234,23,97
2013-03-13,2523,23,109
2013-03-14,2124,21,101
2013-03-15,1506,20,75
2013-03-16,1804,17,106
2013-03-17,1021,13,78
2013-03-18,2512,24,104
2013-03-19,1902,21,90
2013-03-20,2115,20,105
2013-03-21,1124,15,74
2013-03-22,2336,20,116
2013-03-23,1358,14,97
2013-03-24,2064,20,103
2013-03-25,2799,22,127
2013-03-26,1677,20,83
2013-03-27,2750,23,119
2013-03-28,1934,22,87
2013-03-29,2857,22,129
2013-03-30,593,7,84
2013-03-31,1482,15,98
2013-04-01,1228,8,153
2013-04-02,2753,21,131
2013-04-03,2264,20,113
2013-04-04,3508,21,167
2013-04-05,1946,23,84
2013-04-06,1051,13,80
2013-04-07,1437,14,102
2013-04-08,3413,24,142
2013-04-09,2423,21,115
2013-04-10,2856,21,136
2013-04-11,2069,19,108
2013-04-12,1447,15,96
2013-04-13,1039,14,74
2013-04-14,2684,13,206
2013-04-15,2356,18,130
2013-04-16,2364,18,131
2013-04-17,2720,18,151
2013-04-18,2743,18,152
2013-04-19,2889,18,160
2013-04-20,757,8,94
2013-04-21,778,8,97
2013-04-22,2437,23,105
2013-04-23,3444,20,172
2013-04-24,1534,15,102
2013-04-25,2279,17,134
2013-04-26,2318,21,110
2013-04-27,1141,10,114
2013-04-28,1106,11,100
2013-04-29,1730,17,101
2013-04-30,1966,17,115
2013-05-01,402,8,50
2013-05-02,979,15,65
2013-05-03,539,6,89
2013-05-04,906,15,60
2013-05-05,871,13,67
2013-05-06,2203,24,91
2013-05-07,1657,19,87
2013-05-08,2235,15,149
2013-05-09,780,8,97
2013-05-10,981,8,122
2013-05-11,1339,12,111
2013-05-12,885,15,59
2013-05-13,1918,14,137
2013-05-14,2121,22,96
2013-05-15,2137,20,106
2013-05-16,1171,12,97
2013-05-17,2551,23,110
2013-05-18,401,6,66
2013-05-19,1429,11,129
2013-05-20,2110,21,100
2013-05-21,2463,14,175
2013-05-22,2006,15,133
2013-05-23,1868,18,103
2013-05-24,3040,23,132
2013-05-25,649,10,64
2013-05-26,1985,18,110
2013-05-27,3144,25,125
2013-05-28,3428,25,137
2013-05-29,2388,25,95
2013-05-30,3126,27,115
2013-05-31,1516,16,94
2013-06-01,1052,13,80
2013-06-02,1871,15,124
2013-06-03,3221,24,134
2013-06-04,3179,26,122
2013-06-05,2992,21,142
2013-06-06,3510,21,167
2013-06-07,1784,12,148
2013-06-08,959,10,95
2013-06-09,1273,11,115
2013-06-10,2600,32,81
2013-06-11,4777,23,207
2013-06-12,1698,18,94
2013-06-13,2170,22,98
2013-06-14,2217,21,105
2013-06-15,918,8,114
2013-06-16,1683,12,140
2013-06-17,2811,13,216
2013-06-18,1764,16,110
2013-06-19,2060,20,103
2013-06-20,1606,16,100
2013-06-21,1782,19,93
2013-06-22,1167,12,97
2013-06-23,1465,11,133
2013-06-24,1673,15,111
2013-06-25,1340,11,121
2013-06-26,1270,12,105
2013-06-27,1227,10,122
2013-06-28,2329,15,155
2013-06-29,1164,12,97
2013-06-30,1705,20,85
2013-07-01,2986,23,129
2013-07-02,2531,18,140
2013-07-03,2861,20,143
2013-07-04,2412,17,141
2013-07-05,2540,24,105
2013-07-06,833,6,138
2013-07-07,1151,10,115
2013-07-08,3168,28,113
2013-07-09,3093,26,118
2013-07-10,4840,27,179
2013-07-11,2016,19,106
2013-07-12,3305,20,165
2013-07-13,696,6,116
2013-07-14,2622,16,163
2013-07-15,2476,21,117
2013-07-16,2137,21,101
2013-07-17,2122,23,92
2013-07-18,2523,24,105
2013-07-19,1614,17,94
2013-07-20,688,8,86
2013-07-21,2286,24,95
2013-07-22,2553,22,116
2013-07-23,3207,34,94
2013-07-24,2656,21,126
2013-07-25,2836,23,123
2013-07-26,3010,25,120
2013-07-27,1160,14,82
2013-07-28,2924,13,224
2013-07-29,3541,28,126
2013-07-30,3745,34,110
2013-07-31,2802,25,112
2013-08-01,2078,14,148
2013-08-02,3373,24,140
2013-08-03,924,15,61
2013-08-04,2012,21,95
2013-08-05,1831,19,96
2013-08-06,2567,32,80
2013-08-07,2451,26,94
2013-08-08,2609,24,108
2013-08-09,2167,22,98
2013-08-10,1408,15,93
2013-08-11,865,11,78
2013-08-12,2259,26,86
2013-08-13,2643,31,85
2013-08-14,1926,27,71
2013-08-15,3699,30,123
2013-08-16,2081,17,122
2013-08-17,2363,14,168
2013-08-18,755,6,125
2013-08-19,2199,17,129
2013-08-20,2597,12,216
2013-08-21,2330,11,211
2013-08-22,647,9,71
2013-08-23,2724,23,118
2013-08-24,535,4,133
2013-08-25,1114,13,85
2013-08-26,2654,24,110
2013-08-27,2200,17,129
2013-08-28,2192,19,115
2013-08-29,2215,21,105
2013-08-30,1370,17,80
2013-08-31,1375,15,91
2013-09-01,960,13,73
2013-09-02,2761,25,110
2013-09-03,1758,15,117
2013-09-04,1813,22,82
2013-09-05,2839,26,109
2013-09-06,1295,18,71
2013-09-07,747,11,67
2013-09-08,944,10,94
2013-09-09,2731,18,151
2013-09-10,1528,19,80
2013-09-11,1453,19,76
2013-09-12,1931,23,83
2013-09-13,1476,21,70
2013-09-14,770,8,96
2013-09-15,1036,15,69
2013-09-16,1994,25,79
2013-09-17,2439,24,101
2013-09-18,1454,14,103
2013-09-19,1977,19,104
2013-09-20,1686,11,153
2013-09-21,1702,12,141
2013-09-22,534,6,89
2013-09-23,2087,31,67
2013-09-24,3375,24,140
2013-09-25,1815,16,113
2013-09-26,2795,24,116
2013-09-27,2298,26,88
2013-09-28,1542,12,128
2013-09-29,1754,14,125
2013-09-30,2552,19,134
2013-10-01,2358,28,84
2013-10-02,1666,25,66
2013-10-03,1951,20,97
2013-10-04,2274,23,98
2013-10-05,1281,20,64
2013-10-06,939,11,85
2013-10-07,2898,20,144
2013-10-08,2139,22,97
2013-10-09,1391,21,66
2013-10-10,2148,26,82
2013-10-11,1965,25,78
2013-10-12,1107,18,61
2013-10-13,1152,16,72
2013-10-14,2011,31,64
2013-10-15,2457,23,106
2013-10-16,1736,19,91
2013-10-17,1847,15,123
2013-10-18,1453,20,72
2013-10-19,878,7,125
2013-10-20,380,5,76
2013-10-21,1554,18,86
2013-10-22,1982,24,82
2013-10-23,1712,14,122
2013-10-24,2107,18,117
2013-10-25,1579,18,87
2013-10-26,601,13,46
2013-10-27,700,9,77
2013-10-28,1595,16,99
2013-10-29,1959,16,122
2013-10-30,2213,21,105
2013-10-31,2014,18,111
2013-11-01,1979,15,131
2013-11-02,1708,7,244
2013-11-03,581,7,83
2013-11-04,527,7,75
2013-11-05,2098,23,91
2013-11-06,2556,13,196
2013-11-07,1921,21,91
2013-11-08,2081,18,115
2013-11-09,1366,21,65
2013-11-10,1873,10,187
2013-11-11,864,13,66
2013-11-12,2075,16,129
2013-11-13,1911,16,119
2013-11-14,1682,17,98
2013-11-15,1139,14,81
2013-11-16,1712,14,122
2013-11-17,1535,11,139
2013-11-18,2597,29,89
2013-11-19,1890,28,67
2013-11-20,2037,25,81
2013-11-21,2543,26,97
2013-11-22,3651,15,243
2013-11-23,549,9,61
2013-11-24,907,10,90
2013-11-25,1170,19,61
2013-11-26,1884,17,110
2013-11-27,1938,21,92
2013-11-28,1089,12,90
2013-11-29,1171,15,78
2013-11-30,3769,13,289
2013-12-01,638,6,106
2013-12-02,907,14,64
2013-12-03,1755,19,92
2013-12-04,2642,31,85
2013-12-05,1390,17,81
2013-12-06,1709,13,131
2013-12-07,906,12,75
2013-12-08,1743,17,102
2013-12-09,1791,17,105
2013-12-10,1258,19,66
2013-12-11,1382,15,92
2013-12-12,1294,18,71
2013-12-13,1293,18,71
2013-12-14,1037,11,94
2013-12-15,1581,15,105
2013-12-16,1202,18,66
2013-12-17,1925,16,120
2013-12-18,2803,17,164
2013-12-19,2138,23,92
2013-12-20,1106,11,100
2013-12-21,910,13,70
2013-12-22,656,10,65
2013-12-23,2359,27,87
2013-12-24,1921,18,106
2013-12-25,2200,18,122
2013-12-26,1987,24,82
2013-12-27,1112,16,69
2013-12-28,546,7,78
2013-12-29,1287,11,117
2013-12-30,2250,22,102
2013-12-31,866,13,66
2014-01-01,1094,8,136
2014-01-02,520,8,65
2014-01-03,549,7,78
2014-01-04,668,10,66
2014-01-05,1891,19,99
2014-01-06,1000,10,100
2014-01-07,682,8,85
2014-01-08,738,9,82
2014-01-09,1855,21,88
2014-01-10,2947,31,95
2014-01-11,1354,13,104
2014-01-12,858,6,143
2014-01-13,1801,18,100
2014-01-14,2281,22,103
2014-01-15,1257,20,62
2014-01-16,1552,23,67
2014-01-17,889,16,55
2014-01-18,1640,14,117
2014-01-19,1417,14,101
2014-01-20,2220,19,116
2014-01-21,2250,21,107
2014-01-22,2332,19,122
2014-01-23,3148,25,125
2014-01-24,1689,18,93
2014-01-25,1179,12,98
2014-01-26,1338,20,66
2014-01-27,1425,26,54
2014-01-28,2044,26,78
2014-01-29,1344,16,84
2014-01-30,3097,23,134
2014-01-31,1815,27,67
2014-02-01,1236,10,123
2014-02-02,795,10,79
2014-02-03,2127,22,96
2014-02-04,1754,29,60
2014-02-05,1260,18,70
2014-02-06,1770,21,84
2014-02-07,1137,17,66
2014-02-08,734,12,61
2014-02-09,251,5,50
2014-02-10,1225,16,76
2014-02-11,1329,20,66
2014-02-12,1166,18,64
2014-02-13,1998,20,99
2014-02-14,1335,20,66
2014-02-15,1124,9,124
2014-02-16,1001,14,71
2014-02-17,1123,20,56
2014-02-18,1697,21,80
2014-02-19,2833,18,157
2014-02-20,3001,22,136
2014-02-21,2166,20,108
2014-02-22,2601,8,325
2014-02-23,948,12,79
2014-02-24,1472,21,70
2014-02-25,1322,15,88
2014-02-26,1617,19,85
2014-02-27,920,16,57
2014-02-28,2048,19,107
2014-03-01,992,8,124
2014-03-02,1345,12,112
2014-03-03,962,14,68
2014-03-04,869,12,72
2014-03-05,1505,22,68
2014-03-06,1045,15,69
2014-03-07,575,8,71
2014-03-08,664,13,51
2014-03-09,606,11,55
2014-03-10,380,7,54
2014-03-11,2007,23,87
2014-03-12,1676,17,98
2014-03-13,1295,16,80
2014-03-14,1755,16,109
2014-03-15,785,10,78
2014-03-16,1043,11,94
2014-03-17,1116,18,62
2014-03-18,1645,24,68
2014-03-19,1609,23,69
2014-03-20,1455,17,85
2014-03-21,1260,21,60
2014-03-22,389,6,64
2014-03-23,1848,14,132
2014-03-24,682,11,62
2014-03-25,1460,21,69
2014-03-26,1567,23,68
2014-03-27,1102,17,64
2014-03-28,1436,23,62
2014-03-29,749,13,57
2014-03-30,1018,8,127
2014-03-31,523,9,58
2014-04-01,1285,19,67
2014-04-02,1102,23,47
2014-04-03,1366,17,80
2014-04-04,1423,17,83
2014-04-05,1210,11,110
2014-04-06,640,9,71
2014-04-07,1717,12,143
2014-04-08,1246,12,103
2014-04-09,1934,20,96
2014-04-10,1790,20,89
2014-04-11,1450,21,69
2014-04-12,890,13,68
2014-04-13,928,16,58
2014-04-14,991,18,55
2014-04-15,1341,23,58
2014-04-16,937,10,93
2014-04-17,861,9,95
2014-04-18,1621,14,115
2014-04-19,1766,20,88
2014-04-20,990,8,123
2014-04-21,1004,18,55
2014-04-22,1530,21,72
2014-04-23,1667,19,87
2014-04-24,2017,12,168
2014-04-25,1849,17,108
2014-04-26,1161,9,129
2014-04-27,824,7,117
2014-04-28,1472,21,70
2014-04-29,1731,18,96
2014-04-30,1589,16,99
2014-05-01,1164,20,58
2014-05-02,940,10,94
2014-05-03,618,9,68
2014-05-04,990,15,66
2014-05-05,1887,16,117
2014-05-06,1416,19,74
2014-05-07,1506,19,79
2014-05-08,1943,19,102
2014-05-09,999,10,99
2014-05-10,557,8,69
2014-05-11,1080,14,77
2014-05-12,1343,20,67
2014-05-13,808,10,80
2014-05-14,1281,16,80
2014-05-15,2178,19,114
2014-05-16,1077,11,97
2014-05-17,2540,28,90
2014-05-18,1184,17,69
2014-05-19,2161,29,74
2014-05-20,555,8,69
2014-05-21,2415,31,77
2014-05-22,1323,14,94
2014-05-23,1497,24,62
2014-05-24,998,16,62
2014-05-25,1427,14,101
2014-05-26,1560,28,55
2014-05-27,2171,28,77
2014-05-28,1453,18,80
2014-05-29,1907,25,76
2014-05-30,1718,18,95
2014-05-31,1683,16,105
2014-06-01,970,15,64
2014-06-02,2219,12,184
2014-06-03,1132,16,70
2014-06-04,2007,18,111
2014-06-05,2345,24,97
2014-06-06,1368,16,85
2014-06-07,788,9,87
2014-06-08,1171,14,83
2014-06-09,2238,23,97
2014-06-10,1470,17,86
2014-06-11,1737,14,124
2014-06-12,1117,11,101
2014-06-13,418,5,83
2014-06-14,886,8,110
2014-06-15,962,16,60
2014-06-16,535,11,48
2014-06-17,1041,13,80
2014-06-18,1641,24,68
2014-06-19,1483,16,92
2014-06-20,1109,15,73
2014-06-21,1019,14,72
2014-06-22,982,16,61
2014-06-23,1446,20,72
2014-06-24,775,12,64
2014-06-25,1058,13,81
2014-06-26,1059,9,117
2014-06-27,756,14,54
2014-06-28,626,8,78
2014-06-29,450,7,64
2014-06-30,1023,13,78
2014-07-01,1289,16,80
2014-07-02,2245,27,83
2014-07-03,883,15,58
2014-07-04,1702,17,100
2014-07-05,1016,15,67
2014-07-06,1003,14,71
2014-07-07,1230,22,55
2014-07-08,742,9,82
2014-07-09,374,5,74
2014-07-10,1013,9,112
2014-07-11,1234,12,102
2014-07-12,1132,9,125
2014-07-13,972,12,81
2014-07-14,1981,18,110
2014-07-15,1020,10,102
2014-07-16,1685,20,84
2014-07-17,1875,13,144
2014-07-18,1203,21,57
2014-07-19,1416,19,74
2014-07-20,1644,22,74
2014-07-21,2452,26,94
2014-07-22,595,8,74
2014-07-23,2323,16,145
2014-07-24,627,7,89
2014-07-25,1360,15,90
2014-07-26,203,5,40
2014-07-27,344,7,49
2014-07-28,1304,15,86
2014-07-29,1073,14,76
2014-07-30,1287,13,99
2014-07-31,968,13,74
2014-08-01,425,10,42
2014-08-02,146,4,36
2014-08-03,750,14,53
2014-08-04,2126,18,118
2014-08-05,2461,22,111
2014-08-06,1625,16,101
2014-08-07,1440,20,72
2014-08-08,1663,19,87
2014-08-09,513,6,85
2014-08-10,904,8,113
2014-08-11,463,7,66
2014-08-12,1400,13,107
2014-08-13,274,3,91
2014-08-14,654,7,93
2014-08-15,525,8,65
2014-08-16,637,6,106
2014-08-17,583,6,97
2014-08-18,836,10,83
2014-08-19,1308,17,76
2014-08-20,1533,20,76
2014-08-21,2155,21,102
2014-08-22,1347,16,84
2014-08-23,658,10,65
2014-08-24,1291,12,107
2014-08-25,1783,16,111
2014-08-26,1492,28,53
2014-08-27,2209,21,105
2014-08-28,1278,23,55
2014-08-29,1225,19,64
2014-08-30,663,12,55
2014-08-31,660,15,44
2014-09-01,886,15,59
2014-09-02,1608,21,76
2014-09-03,1776,24,74
2014-09-04,1998,25,79
2014-09-05,1353,15,90
2014-09-06,1339,16,83
2014-09-07,468,9,52
2014-09-08,1899,31,61
2014-09-09,1349,17,79
2014-09-10,2017,24,84
2014-09-11,1558,21,74
2014-09-12,288,6,48
2014-09-13,824,17,48
2014-09-14,1499,21,71
2014-09-15,1622,25,64
2014-09-16,1329,21,63
2014-09-17,1167,18,64
2014-09-18,1439,21,68
2014-09-19,1127,12,93
2014-09-20,528,9,58
2014-09-21,1597,19,84
2014-09-22,1548,23,67
2014-09-23,1171,24,48
2014-09-24,1677,21,79
2014-09-25,1097,15,73
2014-09-26,1276,22,58
2014-09-27,377,7,53
2014-09-28,1486,12,123
2014-09-29,2056,30,68
2014-09-30,1727,20,86
2014-10-01,1543,26,59
2014-10-02,2207,18,122
2014-10-03,1451,20,72
2014-10-04,923,17,54
2014-10-05,1113,11,101
2014-10-06,1704,22,77
2014-10-07,2813,29,97
2014-10-08,2272,17,133
2014-10-09,2144,15,142
2014-10-10,1099,10,109
2014-10-11,1151,9,127
2014-10-12,809,9,89
2014-10-13,1325,18,73
2014-10-14,1513,24,63
2014-10-15,1082,15,72
2014-10-16,2280,27,84
2014-10-17,1407,16,87
2014-10-18,652,12,54
2014-10-19,668,9,74
2014-10-20,1951,28,69
2014-10-21,1953,18,108
2014-10-22,1602,17,94
2014-10-23,2086,12,173
2014-10-24,2075,18,115
2014-10-25,516,7,73
2014-10-26,1159,11,105
2014-10-27,1806,25,72
2014-10-28,2399,18,133
2014-10-29,1391,11,126
2014-10-30,1824,12,152
2014-10-31,1312,17,77
2014-11-01,797,6,132
2014-11-02,1247,6,207
2014-11-03,894,10,89
2014-11-04,877,14,62
2014-11-05,1325,16,82
2014-11-06,774,8,96
2014-11-07,1078,14,77
2014-11-08,890,9,98
2014-11-09,682,5,136
2014-11-10,1542,18,85
2014-11-11,1508,13,116
2014-11-12,1873,18,104
2014-11-13,1941,20,97
2014-11-14,1345,7,192
2014-11-15,459,4,114
2014-11-16,347,7,49
2014-11-17,2366,10,236
2014-11-18,1488,17,87
2014-11-19,1886,16,117
2014-11-20,1282,19,67
2014-11-21,943,8,117
2014-11-22,669,6,111
2014-11-23,1021,10,102
2014-11-24,1277,20,63
2014-11-25,1213,16,75
2014-11-26,1241,26,47
2014-11-27,1386,17,81
2014-11-28,1660,19,87
2014-11-29,399,6,66
2014-11-30,1618,17,95
2014-12-01,1381,19,72
2014-12-02,1586,17,93
2014-12-03,1561,13,120
2014-12-04,1328,10,132
2014-12-05,932,12,77
2014-12-06,523,8,65
2014-12-07,598,11,54
2014-12-08,1014,25,40
2014-12-09,1071,18,59
2014-12-10,904,14,64
2014-12-11,560,5,112
2014-12-12,1627,17,95
2014-12-13,923,15,61
2014-12-14,1071,14,76
2014-12-15,702,17,41
2014-12-16,989,12,82
2014-12-17,1051,18,58
2014-12-18,603,6,100
2014-12-19,700,7,100
2014-12-20,377,7,53
2014-12-21,318,5,63
2014-12-22,1150,10,115
2014-12-23,443,10,44
2014-12-24,922,10,92
2014-12-25,533,12,44
2014-12-26,662,12,55
2014-12-27,251,3,83
2014-12-28,682,9,75
2014-12-29,596,5,119
2014-12-30,727,13,55
2014-12-31,537,10,53
2015-01-01,664,7,94
2015-01-02,332,7,47
2015-01-03,458,7,65
2015-01-04,563,7,80
2015-01-05,767,9,85
2015-01-06,933,10,93
2015-01-07,1125,12,93
2015-01-08,533,7,76
2015-01-09,679,10,67
2015-01-10,459,10,45
2015-01-11,710,12,59
2015-01-12,2028,17,119
2015-01-13,1344,19,70
2015-01-14,1526,20,76
2015-01-15,990,14,70
2015-01-16,1369,17,80
2015-01-17,1107,11,100
2015-01-18,1065,12,88
2015-01-19,1195,20,59
2015-01-20,2064,18,114
2015-01-21,1516,23,65
2015-01-22,859,13,66
2015-01-23,1066,15,71
2015-01-24,2909,19,153
2015-01-25,1001,11,91
2015-01-26,1239,18,68
2015-01-27,1660,23,72
2015-01-28,1351,17,79
2015-01-29,1614,22,73
2015-01-30,1343,18,74
2015-01-31,649,11,59
2015-02-01,991,11,90
2015-02-02,1200,16,75
2015-02-03,1087,17,63
2015-02-04,1986,16,124
2015-02-05,1948,28,69
2015-02-06,1483,22,67
2015-02-07,1189,18,66
2015-02-08,1498,21,71
2015-02-09,1117,25,44
2015-02-10,1718,26,66
2015-02-11,1058,20,52
2015-02-12,989,16,61
2015-02-13,972,18,54
2015-02-14,1171,15,78
2015-02-15,661,13,50
2015-02-16,2169,26,83
2015-02-17,882,19,46
2015-02-18,1570,22,71
2015-02-19,1270,15,84
2015-02-20,1645,19,86
2015-02-21,582,13,44
2015-02-22,1977,14,141
2015-02-23,845,13,65
2015-02-24,930,16,58
2015-02-25,1372,12,114
2015-02-26,1401,18,77
2015-02-27,2112,25,84
2015-02-28,2202,16,137
2015-03-01,1126,16,70
2015-03-02,1487,18,82
2015-03-03,1126,12,93
2015-03-04,1705,23,74
2015-03-05,1528,19,80
2015-03-06,1022,16,63
2015-03-07,526,8,65
2015-03-08,740,10,74
2015-03-09,1092,16,68
2015-03-10,1405,16,87
2015-03-11,1147,17,67
2015-03-12,1543,19,81
2015-03-13,1068,13,82
2015-03-14,484,11,44
2015-03-15,1183,16,73
2015-03-16,1399,19,73
2015-03-17,1270,15,84
2015-03-18,929,18,51
2015-03-19,1010,16,63
2015-03-20,1124,13,86
2015-03-21,824,8,103
2015-03-22,817,12,68
2015-03-23,1491,19,78
2015-03-24,2180,15,145
2015-03-25,1272,15,84
2015-03-26,1795,22,81
2015-03-27,1318,14,94
2015-03-28,982,13,75
2015-03-29,868,14,62
2015-03-30,1461,22,66
2015-03-31,650,11,59
2015-04-01,1049,18,58
2015-04-02,1412,23,61
2015-04-03,1728,17,101
2015-04-04,545,12,45
2015-04-05,1004,15,66
2015-04-06,1135,19,59
2015-04-07,1474,18,81
2015-04-08,1146,15,76
2015-04-09,1233,15,82
2015-04-10,957,21,45
2015-04-11,1211,7,173
2015-04-12,1084,18,60
2015-04-13,1321,24,55
2015-04-14,1287,24,53
2015-04-15,1517,20,75
2015-04-16,1652,18,91
2015-04-17,702,7,100
2015-04-18,1678,10,167
2015-04-19,628,9,69
2015-04-20,1215,19,63
2015-04-21,565,11,51
2015-04-22,1526,24,63
2015-04-23,1634,20,81
2015-04-24,1740,19,91
2015-04-25,540,5,108
2015-04-26,523,5,104
2015-04-27,1169,17,68
2015-04-28,1436,19,75
2015-04-29,846,15,56
2015-04-30,556,8,69
2015-05-01,107,3,35
2015-05-02,532,7,76
2015-05-03,537,8,67
2015-05-04,911,11,82
2015-05-05,1746,18,97
2015-05-06,964,14,68
2015-05-07,536,11,48
2015-05-08,803,12,66
2015-05-09,394,5,78
2015-05-10,599,9,66
2015-05-11,742,8,92
2015-05-12,1299,21,61
2015-05-13,1456,15,97
2015-05-14,864,10,86
2015-05-15,1274,15,84
2015-05-16,877,10,87
2015-05-17,547,5,109
2015-05-18,1021,20,51
2015-05-19,1452,20,72
2015-05-20,1074,17,63
2015-05-21,1173,16,73
2015-05-22,903,11,82
2015-05-23,409,9,45
2015-05-24,344,5,68
2015-05-25,1166,14,83
2015-05-26,849,12,70
2015-05-27,1414,19,74
2015-05-28,1096,19,57
2015-05-29,912,16,57
2015-05-30,350,4,87
2015-05-31,270,6,45
2015-06-01,804,12,67
2015-06-02,1817,15,121
2015-06-03,1039,16,64
2015-06-04,1582,19,83
2015-06-05,699,11,63
2015-06-06,505,8,63
2015-06-07,284,2,142
2015-06-08,1282,18,71
2015-06-09,1357,13,104
2015-06-10,1351,16,84
2015-06-11,1013,19,53
2015-06-12,1047,11,95
2015-06-13,674,10,67
2015-06-14,596,9,66
2015-06-15,2072,25,82
2015-06-16,1197,13,92
2015-06-17,1002,17,58
2015-06-18,761,9,84
2015-06-19,877,12,73
2015-06-20,863,6,143
2015-06-21,936,7,133
2015-06-22,1540,15,102
2015-06-23,1691,16,105
2015-06-24,1266,11,115
2015-06-25,1307,9,145
2015-06-26,543,5,108
2015-06-27,954,12,79
2015-06-28,1072,13,82
2015-06-29,1425,17,83
2015-06-30,1653,18,91
2015-07-01,1549,17,91
2015-07-02,586,6,97
2015-07-03,1266,11,115
2015-07-04,664,7,94
2015-07-05,1234,13,94
2015-07-06,1700,20,85
2015-07-07,1395,15,93
2015-07-08,1159,16,72
2015-07-09,597,9,66
2015-07-10,1537,14,109
2015-07-11,902,10,90
2015-07-12,630,15,42
2015-07-13,1264,23,54
2015-07-14,1180,16,73
2015-07-15,1325,14,94
2015-07-16,1009,13,77
2015-07-17,1186,14,84
2015-07-18,402,7,57
2015-07-19,407,8,50
2015-07-20,866,12,72
2015-07-21,1198,15,79
2015-07-22,885,13,68
2015-07-23,753,10,75
2015-07-24,1293,13,99
2015-07-25,606,8,75
2015-07-26,554,7,79
2015-07-27,1768,17,104
2015-07-28,1354,14,96
2015-07-29,1148,15,76
2015-07-30,2047,23,89
2015-07-31,1411,15,94
2015-08-01,993,14,70
2015-08-02,1026,10,102
2015-08-03,1280,21,60
2015-08-04,2300,21,109
2015-08-05,1239,15,82
2015-08-06,944,13,72
2015-08-07,1052,12,87
2015-08-08,540,9,60
2015-08-09,989,11,89
2015-08-10,1762,12,146
2015-08-11,1565,18,86
2015-08-12,1437,18,79
2015-08-13,2098,23,91
2015-08-14,926,9,102
2015-08-15,892,10,89
2015-08-16,742,7,106
2015-08-17,1685,15,112
2015-08-18,1515,16,94
2015-08-19,1558,14,111
2015-08-20,1336,11,121
2015-08-21,928,13,71
2015-08-22,799,16,49
2015-08-23,814,11,74
2015-08-24,490,7,70
2015-08-25,1632,12,136
2015-08-26,1513,9,168
2015-08-27,1131,10,113
2015-08-28,1449,16,90
2015-08-29,983,12,81
2015-08-30,815,13,62
2015-08-31,627,9,69
2015-09-01,1370,11,124
2015-09-02,882,12,73
2015-09-03,1634,16,102
2015-09-04,2069,16,129
2015-09-05,483,8,60
2015-09-06,782,13,60
2015-09-07,532,11,48
2015-09-08,1002,18,55
